City_ID,City,Country,Date,Lat,Lng,Max Temp,Humidity,Cloudiness,Wind Speed
0,Praia,CV,2021-11-29 18:42:47,14.9215,-23.5087,77.54,65,20,23.02
1,Atuona,PF,2021-11-29 18:42:47,-9.8,-139.0333,78.21,78,33,23.24
2,Lebu,CL,2021-11-29 18:42:47,-37.6167,-73.65,59.34,75,100,19.13
3,Lorengau,PG,2021-11-29 18:42:48,-2.0226,147.2712,81.79,79,100,7.4
4,Kapaa,US,2021-11-29 18:37:54,22.0752,-159.319,75.52,69,40,4.0
5,Raga,SS,2021-11-29 18:42:48,8.4596,25.678,84.27,33,84,3.22
6,Mackenzie,CA,2021-11-29 18:42:49,55.2999,-123.1698,28.62,74,1,6.91
7,Bhatapara,IN,2021-11-29 18:42:49,21.7333,81.9333,66.74,42,54,4.32
8,Butaritari,KI,2021-11-29 18:42:49,3.0707,172.7902,81.1,81,33,11.59
9,Arraial Do Cabo,BR,2021-11-29 18:42:50,-22.9661,-42.0278,85.96,74,0,18.41
10,Mahebourg,MU,2021-11-29 18:42:50,-20.4081,57.7,75.49,78,20,3.44
11,Laguna,US,2021-11-29 18:42:51,38.421,-121.4238,73.22,77,1,1.99
12,Norman Wells,CA,2021-11-29 18:42:17,65.282,-126.8329,-21.96,63,20,9.22
13,Barrow,US,2021-11-29 18:42:51,71.2906,-156.7887,-18.38,69,1,8.05
14,Mar Del Plata,AR,2021-11-29 18:42:24,-38.0023,-57.5575,66.22,91,75,17.0
15,Honningsvag,NO,2021-11-29 18:42:52,70.9821,25.9704,15.55,86,75,29.93
16,Bambous Virieux,MU,2021-11-29 18:42:52,-20.3428,57.7575,75.45,78,20,3.44
17,Katsuura,JP,2021-11-29 18:42:52,35.1333,140.3,44.71,73,62,13.58
18,Chengzihe,CN,2021-11-29 18:42:53,45.3333,131.0667,20.25,93,100,4.05
19,Bengkulu,ID,2021-11-29 18:42:53,-3.8004,102.2655,75.72,87,100,9.57
20,Iqaluit,CA,2021-11-29 18:42:53,63.7506,-68.5145,17.33,86,90,17.27
21,Chistogorskiy,RU,2021-11-29 18:42:54,53.9835,87.3843,11.28,97,100,2.59
22,Tautira,PF,2021-11-29 18:42:54,-17.7333,-149.15,84.22,80,98,18.57
23,Rikitea,PF,2021-11-29 18:42:55,-23.1203,-134.9692,76.17,76,2,19.13
24,Qaanaaq,GL,2021-11-29 18:42:55,77.484,-69.3632,5.83,61,100,8.08
25,Bethel,US,2021-11-29 18:42:56,41.3712,-73.414,41.05,68,75,3.0
26,Sitka,US,2021-11-29 18:42:56,57.0531,-135.33,37.29,65,90,13.8
27,Ushuaia,AR,2021-11-29 18:41:42,-54.8,-68.3,44.22,81,75,26.46
28,Seda,LV,2021-11-29 18:42:57,57.65,25.75,23.32,95,100,10.69
29,Roald,NO,2021-11-29 18:42:57,62.5833,6.1333,35.74,69,40,21.85
30,Lovozero,RU,2021-11-29 18:42:57,68.005,35.0117,-2.67,95,100,3.31
31,Port Elizabeth,ZA,2021-11-29 18:39:36,-33.918,25.5701,63.1,88,0,6.91
32,Nikolskoye,RU,2021-11-29 18:42:58,59.7035,30.7861,24.4,94,100,10.58
33,Hermanus,ZA,2021-11-29 18:42:58,-34.4187,19.2345,63.9,75,15,13.24
34,Carpentras,FR,2021-11-29 18:42:58,44.0833,5.1667,37.92,85,6,10.89
35,Chokurdakh,RU,2021-11-29 18:42:59,70.6333,147.9167,-14.21,98,100,3.91
36,Ribeira Grande,PT,2021-11-29 18:42:59,38.5167,-28.7,64.8,59,20,5.75
37,Tiksi,RU,2021-11-29 18:42:59,71.6872,128.8694,-21.91,100,97,6.24
38,Mweka,CD,2021-11-29 18:43:00,-4.85,21.5667,68.38,99,100,1.1
39,Caravelas,BR,2021-11-29 18:43:00,-17.7125,-39.2481,82.89,72,6,12.64
40,Cherskiy,RU,2021-11-29 18:43:01,68.75,161.3,-15.83,98,100,5.7
41,La Orilla,MX,2021-11-29 18:43:01,17.9833,-102.2333,85.26,50,5,7.02
42,Sosnovoborsk,RU,2021-11-29 18:43:01,56.1325,93.3589,27.95,87,100,5.88
43,Yellowknife,CA,2021-11-29 18:43:02,62.456,-114.3525,-10.71,81,20,10.36
44,Punta Arenas,CL,2021-11-29 18:41:33,-53.15,-70.9167,50.02,61,40,29.93
45,New Norfolk,AU,2021-11-29 18:43:02,-42.7826,147.0587,51.71,74,64,2.55
46,Derby,GB,2021-11-29 18:38:05,52.9228,-1.4766,40.64,91,40,16.11
47,Albany,US,2021-11-29 18:39:20,42.6001,-73.9662,34.18,78,100,3.0
48,Cayenne,GF,2021-11-29 18:44:03,4.9333,-52.3333,84.24,82,75,4.0
49,Cabo San Lucas,MX,2021-11-29 18:44:03,22.8909,-109.9124,84.51,67,100,3.0
50,Luderitz,NA,2021-11-29 18:44:03,-26.6481,15.1594,62.76,86,0,12.21
51,Bredasdorp,ZA,2021-11-29 18:44:04,-34.5322,20.0403,62.28,57,16,12.03
52,Vao,NC,2021-11-29 18:44:04,-22.6667,167.4833,76.14,90,96,16.84
53,Ilulissat,GL,2021-11-29 18:44:05,69.2167,-51.1,35.62,80,75,2.3
54,Airai,TL,2021-11-29 18:44:05,-8.9266,125.4092,61.38,84,100,1.72
55,Tasiilaq,GL,2021-11-29 18:44:06,65.6145,-37.6368,26.76,93,100,11.39
56,Sorland,NO,2021-11-29 18:44:06,67.667,12.6934,30.06,57,100,3.91
57,Ca Mau,VN,2021-11-29 18:44:06,9.1769,105.15,74.23,99,100,5.32
58,Jamestown,US,2021-11-29 18:44:07,42.097,-79.2353,36.72,81,90,3.0
59,Byron Bay,AU,2021-11-29 18:44:07,-28.65,153.6167,69.87,87,100,6.02
60,Edd,ER,2021-11-29 18:44:07,13.9297,41.6925,82.69,64,6,13.85
61,Naze,JP,2021-11-29 18:44:08,28.3667,129.4833,66.96,69,89,16.22
62,Hobart,AU,2021-11-29 18:44:08,-42.8794,147.3294,52.05,90,40,1.01
63,Hithadhoo,MV,2021-11-29 18:44:09,-0.6,73.0833,81.03,80,16,14.54
64,Xichang,CN,2021-11-29 18:44:09,27.8964,102.2634,45.68,89,100,4.54
65,Castro,BR,2021-11-29 18:44:09,-24.7911,-50.0119,73.09,79,87,8.3
66,Port Alfred,ZA,2021-11-29 18:44:10,-33.5906,26.891,67.69,85,97,8.5
67,Jibuti,DJ,2021-11-29 18:44:10,11.5,42.5,76.42,53,39,10.98
68,Nyagan,RU,2021-11-29 18:44:11,62.1406,65.3936,31.21,92,92,10.69
69,Stolin,BY,2021-11-29 18:44:11,51.8912,26.846,35.13,94,100,16.53
70,Georgetown,MY,2021-11-29 18:40:56,5.4112,100.3354,76.98,95,40,0.0
71,Ranong,TH,2021-11-29 18:44:11,9.9658,98.6348,73.27,96,100,6.08
72,Qobustan,AZ,2021-11-29 18:44:12,40.0824,49.412,42.91,78,0,7.94
73,Athabasca,CA,2021-11-29 18:44:12,54.7169,-113.2854,37.22,76,17,6.02
74,Channel-Port Aux Basques,CA,2021-11-29 18:44:13,47.5702,-59.1367,41.67,77,100,14.25
75,Souillac,MU,2021-11-29 18:44:13,-20.5167,57.5167,75.58,78,20,3.44
76,Orje,NO,2021-11-29 18:44:13,59.4802,11.6602,22.78,75,79,3.67
77,Alice Springs,AU,2021-11-29 18:43:22,-23.7,133.8833,60.35,77,0,0.0
78,Tuktoyaktuk,CA,2021-11-29 18:44:14,69.4541,-133.0374,-14.8,76,75,23.02
79,Nacozari,MX,2021-11-29 18:44:14,25.3366,-108.2574,84.11,28,15,7.31
80,East London,ZA,2021-11-29 18:44:15,-33.0153,27.9116,67.14,88,0,6.91
81,Saint George,US,2021-11-29 18:43:34,37.1041,-113.5841,68.47,40,1,3.44
82,Ponta Do Sol,PT,2021-11-29 18:44:15,32.6667,-17.1,66.7,73,14,4.88
83,Port Macquarie,AU,2021-11-29 18:44:16,-31.4333,152.9167,65.89,89,94,3.6
84,Maple Creek,CA,2021-11-29 18:44:16,49.9168,-109.4848,50.41,61,100,1.14
85,Busselton,AU,2021-11-29 18:44:16,-33.65,115.3333,52.83,74,8,7.99
86,Omboue,GA,2021-11-29 18:44:17,-1.5746,9.2618,78.3,87,100,8.5
87,Dikson,RU,2021-11-29 18:44:17,73.5069,80.5464,-14.42,96,100,17.74
88,Sao Filipe,CV,2021-11-29 18:44:18,14.8961,-24.4956,76.12,68,100,14.67
89,Honiara,SB,2021-11-29 18:44:18,-9.4333,159.95,77.9,87,92,2.44
90,Grand Gaube,MU,2021-11-29 18:44:18,-20.0064,57.6608,75.6,68,0,1.99
91,Kruisfontein,ZA,2021-11-29 18:44:19,-34.0033,24.7314,60.89,81,0,3.47
92,Kochevo,RU,2021-11-29 18:44:19,59.5994,54.3125,30.74,98,100,3.71
93,Ketchikan,US,2021-11-29 18:44:20,55.3422,-131.6461,36.07,69,75,6.91
94,Hun,LY,2021-11-29 18:44:20,29.1268,15.9477,58.17,13,4,7.99
95,Vidim,RU,2021-11-29 18:45:21,56.4088,103.1106,12.38,89,100,4.23
96,Salalah,OM,2021-11-29 18:45:21,17.0151,54.0924,82.49,28,0,3.44
97,Mataura,NZ,2021-11-29 18:45:20,-46.1927,168.8643,56.48,88,100,3.09
98,Bluff,NZ,2021-11-29 18:45:22,-46.6,168.3333,56.8,80,100,10.31
99,Coihaique,CL,2021-11-29 18:42:00,-45.5752,-72.0662,58.95,47,75,9.22
100,Erzin,TR,2021-11-29 18:45:23,36.9559,36.2,56.12,61,100,4.99
101,Falesti,MD,2021-11-29 18:45:23,47.5736,27.7092,38.46,78,100,12.17
102,Brae,GB,2021-11-29 18:45:24,60.3964,-1.353,42.71,65,88,30.65
103,Severo-Kurilsk,RU,2021-11-29 18:45:24,50.6789,156.125,34.84,95,99,22.75
104,Zaterechnyy,RU,2021-11-29 18:45:25,44.7931,45.2097,47.61,92,21,13.15
105,Oranjestad,AW,2021-11-29 18:44:38,12.524,-70.027,85.95,66,40,18.41
106,Kodinsk,RU,2021-11-29 18:45:25,58.6881,99.1844,6.87,96,100,2.71
107,Vestmanna,FO,2021-11-29 18:45:25,62.1564,-7.1664,34.72,64,75,10.36
108,Humboldt,US,2021-11-29 18:45:26,40.6665,-123.9178,49.12,48,70,0.89
109,Urambo,TZ,2021-11-29 18:45:26,-5.0667,32.05,70.09,76,91,2.13
110,Vaini,TO,2021-11-29 18:45:27,-21.2,-175.2,77.16,78,40,11.5
111,Nanortalik,GL,2021-11-29 18:45:27,60.1432,-45.2371,34.74,98,100,16.08
112,Grao Mogol,BR,2021-11-29 18:45:27,-16.5594,-42.8897,80.24,61,96,7.31
113,Petropavlovsk-Kamchatskiy,RU,2021-11-29 18:43:13,53.0452,158.6483,16.39,67,75,11.18
114,Geraldton,AU,2021-11-29 18:45:28,-28.7667,114.6,66.61,68,75,14.97
115,Dongsheng,CN,2021-11-29 18:45:28,39.8161,109.9776,18.43,55,6,18.57
116,Vardo,NO,2021-11-29 18:45:29,70.3705,31.1107,21.18,86,75,23.02
117,Esperance,AU,2021-11-29 18:45:29,-33.8667,121.9,57.04,72,100,11.74
118,Laurel,US,2021-11-29 18:45:29,39.0993,-76.8483,45.86,51,90,5.01
119,Puerto Ayora,EC,2021-11-29 18:45:30,-0.7393,-90.3518,78.76,80,89,11.23
120,Khatanga,RU,2021-11-29 18:45:30,71.9667,102.5,-27.67,100,95,5.12
121,Miles City,US,2021-11-29 18:45:31,46.4083,-105.8406,57.51,40,1,3.44
122,Tulle,FR,2021-11-29 18:45:31,45.3333,1.8333,28.98,91,96,3.2
123,Ponta Delgada,PT,2021-11-29 18:45:31,37.7333,-25.6667,61.5,67,75,5.75
124,Adrar,MR,2021-11-29 18:45:32,20.5022,-10.0711,67.73,22,83,10.04
125,Nelson Bay,AU,2021-11-29 18:45:32,-32.7167,152.15,68.0,91,100,9.01
126,Astaneh-Ye Ashrafiyeh,IR,2021-11-29 18:45:32,37.2596,49.9444,58.23,78,0,3.91
127,Rundu,NA,2021-11-29 18:45:33,-17.9333,19.7667,70.16,75,100,5.86
128,Thompson,CA,2021-11-29 18:45:33,55.7435,-97.8558,19.56,93,90,5.75
129,Itigi,TZ,2021-11-29 18:45:34,-5.7,34.4833,68.27,74,98,8.72
130,Cape Town,ZA,2021-11-29 18:45:34,-33.9258,18.4232,64.89,83,20,9.22
131,Mount Isa,AU,2021-11-29 18:45:34,-20.7333,139.5,78.57,24,75,9.22
132,Tura,IN,2021-11-29 18:45:35,25.5198,90.2201,59.52,75,24,4.5
133,Torbay,CA,2021-11-29 18:45:13,47.6666,-52.7314,48.67,74,75,12.66
134,Carnarvon,AU,2021-11-29 18:45:35,-24.8667,113.6333,71.67,78,0,20.71
135,Sangar,RU,2021-11-29 18:45:36,63.9242,127.4739,-15.81,98,99,2.98
136,Port Hedland,AU,2021-11-29 18:45:36,-20.3167,118.5667,75.25,88,0,6.91
137,Saint-Philippe,RE,2021-11-29 18:45:22,-21.3585,55.7679,76.55,87,56,8.28
138,Komsomolskiy,UZ,2021-11-29 18:45:37,40.4272,71.7189,38.62,80,8,6.91
139,Poum,NC,2021-11-29 18:45:37,-20.2333,164.0167,80.08,81,12,14.67
140,Bonthe,SL,2021-11-29 18:45:37,7.5264,-12.505,81.43,78,100,7.2
141,Provideniya,RU,2021-11-29 18:46:38,64.3833,-173.3,-4.9,87,4,9.31
142,Richards Bay,ZA,2021-11-29 18:46:38,-28.783,32.0377,70.29,89,17,5.82
143,Calama,CL,2021-11-29 18:46:39,-22.4667,-68.9333,75.69,14,0,21.85
144,Avarua,CK,2021-11-29 18:46:39,-21.2078,-159.775,77.05,69,75,5.75
145,Turukhansk,RU,2021-11-29 18:46:40,65.8167,87.9833,-0.72,96,100,17.63
146,Port Hardy,CA,2021-11-29 18:46:40,50.6996,-127.4199,48.2,100,75,10.36
147,Kelowna,CA,2021-11-29 18:43:29,49.8831,-119.4857,50.65,90,20,9.22
148,Illela,NG,2021-11-29 18:46:41,13.7292,5.2975,78.96,11,72,10.13
149,Tiznit,MA,2021-11-29 18:46:41,29.5833,-9.5,59.13,39,0,2.55
150,Surt,LY,2021-11-29 18:46:41,31.2089,16.5887,63.72,25,0,19.82
151,Los Algarrobos,PA,2021-11-29 18:46:42,8.5,-82.4333,82.81,79,40,6.91
152,Kodiak,US,2021-11-29 18:46:42,57.79,-152.4072,35.11,100,90,25.32
153,Santiago Del Estero,AR,2021-11-29 18:46:43,-27.7951,-64.2615,93.83,19,0,3.78
154,Aklavik,CA,2021-11-29 18:46:43,68.2191,-135.0107,-18.4,69,20,6.91
155,Rocha,UY,2021-11-29 18:46:44,-34.4833,-54.3333,67.08,95,100,19.37
156,Rio Gallegos,AR,2021-11-29 18:46:44,-51.6226,-69.2181,59.05,21,40,39.12
157,Zyryanka,RU,2021-11-29 18:46:45,65.75,150.85,-24.12,100,100,2.24
158,Valkeakoski,FI,2021-11-29 18:46:45,61.2642,24.0312,15.1,80,100,11.74
159,Chicama,PE,2021-11-29 18:46:45,-7.8447,-79.1469,66.74,61,100,10.54
160,Flin Flon,CA,2021-11-29 18:46:46,54.7682,-101.865,30.04,80,75,10.36
161,Thabazimbi,ZA,2021-11-29 18:46:46,-24.5917,27.4116,72.21,38,85,6.26
162,Dunedin,NZ,2021-11-29 18:46:47,-45.8742,170.5036,56.66,57,56,5.1
163,Kimbe,PG,2021-11-29 18:46:47,-5.5502,150.1429,76.17,94,100,2.19
164,Santa Ines,BR,2021-11-29 18:46:48,-3.6667,-45.38,86.85,60,100,3.15
165,Vagur,FO,2021-11-29 18:46:48,61.4732,-6.8119,38.82,64,100,25.12
166,Constitucion,CL,2021-11-29 18:46:49,-35.3333,-72.4167,65.55,61,7,18.61
167,Trelew,AR,2021-11-29 18:46:49,-43.249,-65.3051,73.65,28,4,11.34
168,Grand-Lahou,CI,2021-11-29 18:46:50,5.1367,-5.0242,79.23,81,24,8.63
169,Anahuac,MX,2021-11-29 18:46:50,27.2333,-100.15,72.75,37,45,5.26
170,Dunda,TZ,2021-11-29 18:46:51,-8.1167,34.25,69.55,74,21,3.42
171,Saldanha,ZA,2021-11-29 18:46:51,-33.0117,17.9442,66.25,82,10,5.17
172,Novhorodka,UA,2021-11-29 18:46:52,48.3651,32.6578,51.91,86,100,15.59
173,Banjar,ID,2021-11-29 18:46:52,-8.19,114.9675,76.91,88,100,2.28
174,Guangyuan,CN,2021-11-29 18:46:53,32.442,105.823,40.62,57,0,4.0
175,Codrington,AU,2021-11-29 18:46:53,-38.2667,141.9667,52.0,78,0,7.49
176,Yulara,AU,2021-11-29 18:46:54,-25.2406,130.9889,66.04,42,0,5.75
177,Zhangjiakou,CN,2021-11-29 18:46:54,40.81,114.8794,23.11,59,38,18.97
178,Ancud,CL,2021-11-29 18:46:55,-41.8697,-73.8203,66.22,62,42,9.51
179,Katsina,NG,2021-11-29 18:46:55,12.9894,7.6006,76.55,12,0,9.28
180,Verkhnyaya Inta,RU,2021-11-29 18:46:56,65.9811,60.3094,8.89,96,100,7.61
181,Semnan,IR,2021-11-29 18:46:56,35.5729,53.3971,48.72,52,6,2.39
182,Matara,LK,2021-11-29 18:44:22,5.9485,80.5353,76.71,89,90,2.93
183,Wasaga Beach,CA,2021-11-29 18:46:57,44.5168,-80.0164,34.21,80,94,2.3
184,Avera,US,2021-11-29 18:46:57,33.194,-82.5271,58.51,31,0,6.17
185,Strezhevoy,RU,2021-11-29 18:47:58,60.7333,77.5889,24.78,91,99,11.59
186,Corinto,GR,2021-11-29 18:47:58,37.9407,22.9573,61.9,63,0,10.02
187,Buin,CL,2021-11-29 18:46:42,-33.7333,-70.75,88.05,12,0,12.57
188,Nhulunbuy,AU,2021-11-29 18:47:59,-12.2333,136.7667,81.21,83,81,0.0
189,Simao,CN,2021-11-29 18:47:59,22.7886,100.9748,53.31,88,8,2.48
190,Kango,GA,2021-11-29 18:47:59,0.1943,10.0951,77.0,94,85,3.94
191,Huanuco,PE,2021-11-29 18:48:00,-9.9329,-76.2415,73.26,62,100,7.18
192,Saskylakh,RU,2021-11-29 18:47:11,71.9167,114.0833,-22.29,100,93,4.12
193,Tomatlan,MX,2021-11-29 18:48:00,19.9333,-105.25,90.14,38,0,5.93
194,Escarcega,MX,2021-11-29 18:48:01,18.6089,-90.7454,84.52,48,100,5.19
195,Pereleshino,RU,2021-11-29 18:48:01,51.7376,40.1388,51.58,92,100,25.26
196,Egvekinot,RU,2021-11-29 18:48:02,66.3167,-179.1667,-7.69,76,100,4.23
197,Norfolk,US,2021-11-29 18:45:12,42.1668,-71.2495,41.68,60,91,1.01
198,Eureka,US,2021-11-29 18:43:34,40.8021,-124.1637,58.19,69,94,1.36
199,Los Llanos De Aridane,ES,2021-11-29 18:48:02,28.6585,-17.9182,62.13,79,75,1.01
200,Hilo,US,2021-11-29 18:48:03,19.7297,-155.09,75.27,78,90,10.36
201,Margate,GB,2021-11-29 18:48:03,51.3813,1.3862,37.69,80,38,1.99
202,Merauke,ID,2021-11-29 18:48:03,-8.4667,140.3333,78.76,86,100,7.52
203,Bengbu,CN,2021-11-29 18:48:04,32.9408,117.3608,46.63,66,88,13.22
204,Gherta Mica,RO,2021-11-29 18:48:04,47.9333,23.2333,37.54,86,88,4.05
205,Adwa,ET,2021-11-29 18:48:05,14.1646,38.8955,61.7,45,6,15.21
206,Teeli,RU,2021-11-29 18:48:05,51.0333,90.2333,11.82,84,99,0.51
207,Khandyga,RU,2021-11-29 18:48:06,62.6667,135.6,-17.97,98,100,1.97
208,Mahibadhoo,MV,2021-11-29 18:48:06,3.7833,72.9667,82.29,78,100,14.76
209,Hanstholm,DK,2021-11-29 18:48:06,57.1167,8.6167,33.67,67,100,11.65
210,Lagoa,PT,2021-11-29 18:48:07,39.05,-27.9833,60.8,56,38,2.62
211,Sabang,ID,2021-11-29 18:48:07,5.8933,95.3214,77.76,81,100,3.51
212,Dingle,PH,2021-11-29 18:48:08,10.9995,122.6711,74.89,92,18,6.31
213,Churapcha,RU,2021-11-29 18:48:08,62.0025,132.4325,-12.91,99,100,0.72
214,Ust-Kuyga,RU,2021-11-29 18:48:09,70.0167,135.6,-12.1,99,100,3.69
215,Nyiregyhaza,HU,2021-11-29 18:47:04,47.9554,21.7167,35.51,94,100,5.23
216,Sambava,MG,2021-11-29 18:48:09,-14.2667,50.1667,76.14,84,23,6.38
217,Ambon,ID,2021-11-29 18:48:09,-3.6954,128.1814,81.36,78,100,4.81
218,Katobu,ID,2021-11-29 18:48:10,-4.9408,122.5276,74.95,95,100,4.59
219,San Policarpo,PH,2021-11-29 18:48:10,12.1791,125.5072,80.4,81,100,3.71
220,Fortuna,US,2021-11-29 18:47:20,40.5982,-124.1573,57.92,85,1,3.0
221,Manaure,CO,2021-11-29 18:48:11,11.7751,-72.4445,87.89,58,92,16.93
222,Mirabad,AF,2021-11-29 18:48:11,30.4362,61.8383,62.2,28,100,5.66
223,Baykit,RU,2021-11-29 18:48:11,61.67,96.37,-2.45,97,100,2.82
224,Oktyabrskiy,RU,2021-11-29 18:48:12,54.4815,53.471,32.38,83,100,12.19
225,Taoudenni,ML,2021-11-29 18:48:12,22.6783,-3.9836,69.69,13,99,16.22
226,Marrakesh,MA,2021-11-29 18:48:13,31.6315,-8.0083,59.07,38,0,4.61
227,Vestmannaeyjar,IS,2021-11-29 18:48:13,63.4427,-20.2734,34.79,100,75,33.38
228,Pionerskiy,RU,2021-11-29 18:48:13,54.9508,20.2275,37.24,82,100,24.61
229,Tacna,PE,2021-11-29 18:48:14,-18.0056,-70.2483,71.8,53,40,12.66
230,La Ronge,CA,2021-11-29 18:48:14,55.1001,-105.2842,34.05,75,90,11.5
231,Masunga,BW,2021-11-29 18:48:14,-20.6246,27.4488,78.46,36,82,7.23
232,Springdale,US,2021-11-29 18:48:15,36.1867,-94.1288,64.27,41,1,15.01
233,Flinders,AU,2021-11-29 18:48:15,-34.5833,150.8552,64.2,86,95,2.62
234,Voskevan,AM,2021-11-29 18:49:16,41.1202,45.0653,44.46,59,100,6.13
235,Lianzhou,CN,2021-11-29 18:49:16,24.7811,112.3825,54.95,83,100,8.95
236,Bara,NG,2021-11-29 18:49:17,10.3744,10.7288,80.62,18,12,6.93
237,Kloulklubed,PW,2021-11-29 18:49:17,7.0419,134.2556,79.3,73,100,5.99
238,Zaragoza,ES,2021-11-29 18:45:28,41.6561,-0.8773,50.02,81,20,5.01
239,Faanui,PF,2021-11-29 18:49:18,-16.4833,-151.75,80.53,77,100,12.44
240,Balikpapan,ID,2021-11-29 18:49:18,-1.2675,116.8289,74.03,90,99,4.38
241,Vila,PT,2021-11-29 18:49:18,42.0304,-8.1588,41.7,88,100,0.56
242,Hede,CN,2021-11-29 18:49:19,33.7681,120.2517,50.5,84,100,17.72
243,Beringovskiy,RU,2021-11-29 18:49:19,63.05,179.3167,6.12,95,100,8.21
244,Saint-Augustin,CA,2021-11-29 18:49:19,51.226,-58.6502,35.29,68,100,15.46
245,Keti Bandar,PK,2021-11-29 18:49:20,24.1447,67.4497,76.93,44,11,6.29
246,Staryy Nadym,RU,2021-11-29 18:49:20,65.6118,72.6842,2.39,98,93,8.23
247,Road Town,VG,2021-11-29 18:49:21,18.4167,-64.6167,86.04,70,40,8.05
248,Nouakchott,MR,2021-11-29 18:49:21,18.0858,-15.9785,76.93,32,100,11.56
249,Cidreira,BR,2021-11-29 18:49:22,-30.1811,-50.2056,77.76,55,62,15.46
250,Guerrero Negro,MX,2021-11-29 18:49:22,27.9769,-114.0611,77.25,31,0,3.58
251,Xai-Xai,MZ,2021-11-29 18:49:22,-25.0519,33.6442,76.51,62,6,12.57
252,Oum Hadjer,TD,2021-11-29 18:49:23,13.2954,19.6966,85.24,15,0,9.57
253,Atikokan,CA,2021-11-29 18:49:23,48.7555,-91.6216,28.6,93,100,5.06
254,Picota,PE,2021-11-29 18:49:23,-6.9197,-76.3304,88.48,41,100,1.07
255,Nikel,RU,2021-11-29 18:49:24,69.4128,30.222,12.38,87,73,9.24
256,Wewak,PG,2021-11-29 18:49:24,-3.5534,143.6268,79.84,83,100,3.29
257,Portland,US,2021-11-29 18:47:46,45.5234,-122.6762,59.09,93,90,8.01
258,Vila Franca Do Campo,PT,2021-11-29 18:49:25,37.7167,-25.4333,61.2,71,19,6.08
259,Ballina,AU,2021-11-29 18:49:25,-28.8667,153.5667,68.04,96,90,6.91
260,Palana,RU,2021-11-29 18:49:26,59.1167,159.9667,15.19,89,100,8.97
261,Yetkul,RU,2021-11-29 18:49:26,54.8221,61.588,31.98,78,100,3.74
262,Goderich,CA,2021-11-29 18:48:46,43.7501,-81.7165,35.92,69,100,11.5
263,Lompoc,US,2021-11-29 18:49:27,34.6391,-120.4579,86.13,43,1,0.0
264,Kaitangata,NZ,2021-11-29 18:49:27,-46.2817,169.8464,58.93,74,100,6.11
265,Pitimbu,BR,2021-11-29 18:49:27,-7.4706,-34.8086,82.69,69,45,12.39
266,Leningradskiy,RU,2021-11-29 18:49:28,69.3833,178.4167,-20.09,96,79,9.24
267,Chuy,UY,2021-11-29 18:49:28,-33.6971,-53.4616,64.15,91,100,19.1
268,Ukiah,US,2021-11-29 18:49:29,39.1502,-123.2078,72.97,64,0,0.63
269,Talegaon Dabhade,IN,2021-11-29 18:49:29,18.7167,73.6833,70.12,60,43,8.34
270,Nioro,GM,2021-11-29 18:49:29,13.35,-15.75,85.15,23,100,7.34
271,Atambua,ID,2021-11-29 18:49:30,-9.1061,124.8925,75.0,82,100,2.62
272,Victoria,HK,2021-11-29 18:48:03,22.2855,114.1577,71.33,71,0,3.0
273,Alofi,NU,2021-11-29 18:49:30,-19.0595,-169.9187,71.49,83,20,3.44
274,Areosa,PT,2021-11-29 18:49:31,41.7178,-8.8571,52.68,77,100,2.55
275,Treia,IT,2021-11-29 18:49:31,43.3106,13.3115,45.45,92,100,15.77
276,Sinnamary,GF,2021-11-29 18:49:31,5.3833,-52.95,82.18,76,100,9.06
277,Nago,JP,2021-11-29 18:49:32,26.5881,127.9761,72.45,75,81,15.57
278,Floro,NO,2021-11-29 18:49:32,61.5996,5.0328,34.97,86,90,25.32
279,Bathsheba,BB,2021-11-29 18:49:32,13.2167,-59.5167,86.61,58,40,19.57
280,Chipinge,ZW,2021-11-29 18:49:33,-20.1883,32.6236,66.81,58,0,6.02
281,Okhotsk,RU,2021-11-29 18:49:33,59.3833,143.3,-12.35,87,15,17.43
282,Usogorsk,RU,2021-11-29 18:50:33,63.4106,48.6872,-6.83,100,95,2.04
283,Basoko,CD,2021-11-29 18:50:34,1.2391,23.616,73.44,91,100,2.48
284,Hasaki,JP,2021-11-29 18:50:34,35.7333,140.8333,37.8,60,19,4.63
285,Fergus Falls,US,2021-11-29 18:50:35,46.283,-96.0776,47.66,67,75,4.0
286,Asau,RO,2021-11-29 18:50:35,46.4333,26.4,42.28,82,33,5.32
287,Porto Novo,BJ,2021-11-29 18:50:35,6.4965,2.6036,82.22,78,100,6.22
288,Mattru,SL,2021-11-29 18:50:36,7.6244,-11.8332,77.68,91,100,3.27
289,Berezovyy,RU,2021-11-29 18:50:36,51.6667,135.7,3.38,97,100,2.77
290,Wamba,NG,2021-11-29 18:50:37,8.9333,8.6,79.29,26,8,2.48
291,Hurup,DK,2021-11-29 18:50:37,56.7494,8.4195,33.66,47,100,5.99
292,Atar,MR,2021-11-29 18:50:38,20.5169,-13.0499,69.12,22,5,10.65
293,Tabou,CI,2021-11-29 18:50:38,4.423,-7.3528,80.19,77,100,6.62
294,Peterhead,GB,2021-11-29 18:50:38,57.5058,-1.7981,46.8,85,94,27.76
295,Antanifotsy,MG,2021-11-29 18:50:39,-19.65,47.3167,62.47,93,89,2.26
296,Port Lincoln,AU,2021-11-29 18:50:39,-34.7333,135.8667,64.47,63,96,9.86
297,Pisco,PE,2021-11-29 18:46:54,-13.7,-76.2167,71.65,73,0,8.05
298,Rancho Palos Verdes,US,2021-11-29 18:47:06,33.7445,-118.387,86.52,62,0,1.99
299,Erding,DE,2021-11-29 18:50:40,48.306,11.9069,32.47,88,75,12.66
300,Itaituba,BR,2021-11-29 18:47:33,-4.2761,-55.9836,93.36,59,40,5.75
301,Srikakulam,IN,2021-11-29 18:50:41,18.3,83.9,71.29,69,7,6.13
302,Abha,SA,2021-11-29 18:46:15,18.2164,42.5053,60.62,31,0,6.91
303,Nemuro,JP,2021-11-29 18:50:41,43.3236,145.575,44.46,84,17,7.78
304,Seminole,US,2021-11-29 18:47:23,28.7086,-81.2081,72.14,54,1,3.0
305,San Jeronimo,PE,2021-11-29 18:50:42,-11.9472,-75.2829,60.21,58,49,3.29
306,Badarpur,IN,2021-11-29 18:50:42,24.9,92.6,62.37,77,14,3.22
307,Leh,IN,2021-11-29 18:50:42,34.1667,77.5833,16.09,57,100,2.68
308,Fare,PF,2021-11-29 18:50:43,-16.7,-151.0167,80.74,76,100,15.14
309,Do Gonbadan,IR,2021-11-29 18:50:43,30.3586,50.7981,59.09,55,0,0.0
310,Broome,US,2021-11-29 18:50:43,42.2506,-75.833,34.63,71,90,4.0
311,Copiapo,CL,2021-11-29 18:50:44,-27.3667,-70.3333,62.29,33,0,11.25
312,Caboolture,AU,2021-11-29 18:50:30,-27.0833,152.95,72.99,98,100,5.84
313,Stephenville,US,2021-11-29 18:50:44,32.2207,-98.2023,73.74,31,1,11.5
314,Scituate,US,2021-11-29 18:50:45,42.1959,-70.7259,42.15,61,1,5.99
315,Owatonna,US,2021-11-29 18:50:45,44.0839,-93.226,55.11,48,1,5.01
316,Coruripe,BR,2021-11-29 18:50:45,-10.1256,-36.1756,83.1,70,16,16.91
317,Tommot,RU,2021-11-29 18:50:46,58.9564,126.2925,-1.16,99,100,1.72
318,Praia Da Vitoria,PT,2021-11-29 18:50:46,38.7333,-27.0667,61.05,77,75,4.65
319,Tongliao,CN,2021-11-29 18:50:47,43.6125,122.2653,14.23,93,66,3.96
320,Meridian,US,2021-11-29 18:46:50,43.6121,-116.3915,56.52,86,1,0.0
321,Kirakira,SB,2021-11-29 18:50:47,-10.4544,161.9205,80.38,82,42,4.27
322,Saint-Raphael,HT,2021-11-29 18:50:48,19.4333,-72.2,81.77,53,83,5.32
323,Roebourne,AU,2021-11-29 18:50:48,-20.7833,117.1333,81.52,59,5,8.93
324,Rurrenabaque,BO,2021-11-29 18:50:49,-14.4413,-67.5278,82.29,83,75,0.0
325,Howard Springs,AU,2021-11-29 18:50:49,-12.497,131.047,82.31,95,81,2.62
326,Pevek,RU,2021-11-29 18:47:05,69.7008,170.3133,1.67,96,100,3.71
327,Aden,YE,2021-11-29 18:51:50,12.7794,45.0367,80.69,63,0,7.25
328,Saint-Pierre,RE,2021-11-29 18:47:33,-21.3393,55.4781,76.64,84,0,8.05
329,Sao Felix Do Xingu,BR,2021-11-29 18:51:50,-6.6447,-51.995,84.88,64,84,3.31
330,Puri,IN,2021-11-29 18:51:51,19.8,85.85,63.12,58,1,6.06
331,Almaznyy,RU,2021-11-29 18:51:51,48.0448,40.045,53.74,67,100,22.12
332,Bhinga,IN,2021-11-29 18:51:51,27.7167,81.9333,60.06,61,53,5.77
333,Solnechnyy,RU,2021-11-29 18:51:52,50.7214,136.6319,8.17,93,100,5.61
334,Waipawa,NZ,2021-11-29 18:51:52,-41.4122,175.5153,59.63,86,100,4.05
335,Nome,US,2021-11-29 18:51:53,64.5011,-165.4064,-15.9,64,1,4.61
336,Tamiahua,MX,2021-11-29 18:51:53,21.2667,-97.45,73.89,62,67,11.14
337,Vanimo,PG,2021-11-29 18:51:53,-2.6741,141.3028,77.95,87,100,1.48
338,Bagdarin,RU,2021-11-29 18:51:54,54.4333,113.6,-2.45,94,100,3.31
339,Sipe Sipe,BO,2021-11-29 18:51:54,-17.45,-66.3833,73.89,57,100,8.08
340,Port Moresby,PG,2021-11-29 18:51:55,-9.4431,147.1797,74.62,100,75,5.75
341,Milas,TR,2021-11-29 18:51:55,37.3164,27.7839,67.35,64,75,9.22
342,Kavieng,PG,2021-11-29 18:51:55,-2.5744,150.7967,82.06,80,100,17.34
343,Baruun-Urt,MN,2021-11-29 18:51:56,46.6806,113.2792,6.6,86,4,7.96
344,Upernavik,GL,2021-11-29 18:51:56,72.7868,-56.1549,21.33,96,100,6.24
345,Labuhan,ID,2021-11-29 18:51:57,-6.8844,112.2051,78.08,84,100,7.02
346,Talnakh,RU,2021-11-29 18:51:57,69.4865,88.3972,-18.99,98,98,7.2
347,Saint-Leu,RE,2021-11-29 18:51:57,-21.15,55.2833,76.03,97,13,5.7
348,Clyde River,CA,2021-11-29 18:47:11,70.4692,-68.5914,-0.17,78,75,6.91
349,Aitape,PG,2021-11-29 18:51:58,-3.1374,142.3475,76.87,92,100,3.91
350,Pacific Grove,US,2021-11-29 18:50:12,36.6177,-121.9166,74.41,53,1,1.99
351,Araouane,ML,2021-11-29 18:51:58,18.9048,-3.5265,76.01,21,4,11.25
352,Haradok,BY,2021-11-29 18:51:59,55.4624,29.9816,39.61,98,100,8.63
353,Kanniyakumari,IN,2021-11-29 18:51:59,8.0833,77.5667,78.8,83,100,12.57
354,Acari,PE,2021-11-29 18:52:00,-15.4311,-74.6158,78.37,52,20,11.39
355,Yamandu,SL,2021-11-29 18:52:00,7.9362,-11.4928,76.05,94,100,3.24
356,Batemans Bay,AU,2021-11-29 18:52:00,-35.7167,150.1833,58.98,93,5,3.29
357,Isiro,CD,2021-11-29 18:52:01,2.7739,27.616,67.48,98,100,2.98
358,Tuatapere,NZ,2021-11-29 18:52:01,-46.1333,167.6833,56.82,80,100,2.17
359,Codigoro,IT,2021-11-29 18:52:02,44.8311,12.1142,42.8,74,40,8.1
360,Suntar,RU,2021-11-29 18:52:02,62.1444,117.6319,-15.65,100,98,0.63
361,Axim,GH,2021-11-29 18:52:03,4.8699,-2.2405,79.39,83,7,7.74
362,Ekibastuz,KZ,2021-11-29 18:52:03,51.6667,75.3667,16.74,68,100,7.25
363,Ixtapa,MX,2021-11-29 18:52:03,20.7,-105.2,89.26,38,0,5.86
364,Minudasht,IR,2021-11-29 18:52:04,37.2289,55.3747,53.17,66,40,0.0
365,Dudinka,RU,2021-11-29 18:52:04,69.4058,86.1778,-17.79,98,100,5.39
366,Sumenep,ID,2021-11-29 18:52:05,-7.0167,113.8667,77.97,85,100,6.64
367,Narsaq,GL,2021-11-29 18:52:05,60.9167,-46.05,34.02,98,100,10.98
368,Tezpur,IN,2021-11-29 18:52:05,26.6333,92.8,59.18,75,21,4.0
369,Hasan Abdal,PK,2021-11-29 18:52:06,30.4333,72.7,62.73,30,0,3.89
370,Whitehorse,CA,2021-11-29 18:48:52,60.7161,-135.0538,8.1,84,75,2.3
371,San Felipe,VE,2021-11-29 18:52:06,10.3399,-68.7425,83.7,71,100,3.0
372,Gushikawa,JP,2021-11-29 18:53:06,26.3544,127.8686,71.6,83,40,11.5
373,Coolum Beach,AU,2021-11-29 18:53:07,-26.5333,153.1,73.11,99,100,6.89
374,Erzurum,TR,2021-11-29 18:53:07,40.0,41.5,35.28,80,0,2.17
375,Bandarbeyla,SO,2021-11-29 18:52:00,9.4942,50.8122,78.28,72,21,18.88
376,Huilong,CN,2021-11-29 18:52:54,31.8111,121.655,55.04,71,100,18.59
377,Parasia,IN,2021-11-29 18:53:08,22.2,78.7667,58.28,45,20,4.56
378,Nishihara,JP,2021-11-29 18:53:08,26.1842,127.7558,71.65,78,75,13.8
379,Pedasi,PA,2021-11-29 18:53:09,7.5333,-80.0333,81.93,75,92,4.74
380,Ayagoz,KZ,2021-11-29 18:53:09,47.9714,80.4392,1.65,85,4,3.47
381,Sol-Iletsk,RU,2021-11-29 18:53:10,51.1631,54.9918,18.91,86,76,6.44
382,San Antonio Del Norte,HN,2021-11-29 18:53:10,13.8844,-87.7031,78.06,46,2,13.53
383,Esqueda,MX,2021-11-29 18:53:10,30.7167,-109.5833,63.84,32,0,3.36
384,Concepcion,CL,2021-11-29 18:52:22,-36.827,-73.0498,67.8,60,0,18.41
385,Kampot,KH,2021-11-29 18:53:11,10.6167,104.1833,77.05,93,100,10.87
386,Beaverlodge,CA,2021-11-29 18:53:11,55.2166,-119.4361,27.75,72,10,2.62
387,Carhuaz,PE,2021-11-29 18:53:12,-9.2819,-77.6447,62.44,78,98,5.21
388,Buraydah,SA,2021-11-29 18:53:12,26.326,43.975,64.85,24,0,3.87
389,Bud,US,2021-11-29 18:53:13,39.447,-86.1758,44.69,38,75,10.67
390,Korla,CN,2021-11-29 18:53:13,41.7597,86.1469,23.97,72,7,4.79
391,Herat,AF,2021-11-29 18:49:39,34.5,62.0,51.39,42,6,4.63
392,Harper,LR,2021-11-29 18:53:13,4.375,-7.7169,79.97,77,100,6.89
393,Karratha,AU,2021-11-29 18:53:14,-20.7377,116.8463,81.27,63,5,9.31
394,Boden,SE,2021-11-29 18:53:14,65.8252,21.6886,8.6,97,98,2.19
395,Rawson,AR,2021-11-29 18:53:15,-43.3002,-65.1023,65.73,45,2,12.75
396,Sorong,ID,2021-11-29 18:52:09,-0.8833,131.25,80.28,82,100,5.95
397,Freeport,US,2021-11-29 18:50:28,40.6576,-73.5832,43.32,61,90,5.99
398,Vila Velha,BR,2021-11-29 18:50:53,-20.3297,-40.2925,84.15,85,20,11.99
399,Hamilton,US,2021-11-29 18:50:42,39.1834,-84.5333,45.88,37,1,1.01
400,Obo,CF,2021-11-29 18:53:15,5.3998,26.4869,71.67,88,100,2.37
401,Kargasok,RU,2021-11-29 18:53:16,59.0556,80.8572,22.42,74,100,14.23
402,Mangrol,IN,2021-11-29 18:53:16,21.1167,70.1167,75.0,44,35,12.57
403,Prainha,BR,2021-11-29 18:53:17,-1.8,-53.48,90.46,48,72,4.16
404,Klaksvik,FO,2021-11-29 18:53:17,62.2266,-6.589,36.52,67,100,25.84
405,Muroto,JP,2021-11-29 18:53:18,33.2833,134.15,58.66,64,17,5.28
406,Mougins,FR,2021-11-29 18:53:18,43.6,7.0,50.61,32,0,2.3
407,Oktyabrskoye,RU,2021-11-29 18:53:18,43.0645,44.7417,37.54,87,1,8.95
408,Skibbereen,IE,2021-11-29 18:53:19,51.55,-9.2667,48.0,84,23,7.54
409,Hirara,JP,2021-11-29 18:53:19,24.8,125.2833,73.27,79,99,14.25
410,Olafsvik,IS,2021-11-29 18:53:20,64.8945,-23.7142,30.36,95,100,16.26
411,Lata,PT,2021-11-29 18:51:00,40.1629,-8.3327,52.21,77,98,3.83
412,Muddebihal,IN,2021-11-29 18:53:20,16.3333,76.1333,69.73,84,99,11.83
413,Longyearbyen,SJ,2021-11-29 18:49:44,78.2186,15.6401,10.24,72,20,20.71
414,Xuanhua,CN,2021-11-29 18:53:21,40.6103,115.0447,26.37,55,27,20.89
415,Karlstad,SE,2021-11-29 18:53:21,59.3793,13.5036,18.16,100,90,3.44
416,Arman,RU,2021-11-29 18:53:21,59.7,150.1667,-1.98,93,100,10.02
417,Vysokogornyy,RU,2021-11-29 18:53:22,50.1167,139.15,3.24,98,100,1.59
418,Gold Coast,AU,2021-11-29 18:54:22,-28.0,153.4333,71.24,92,90,4.0
419,Santa Marta,CO,2021-11-29 18:54:23,11.2408,-74.199,83.03,79,99,11.61
420,Aswan,EG,2021-11-29 18:54:23,24.0934,32.907,83.5,24,0,8.05
421,Ximei,CN,2021-11-29 18:54:24,24.9639,118.3794,65.93,83,77,4.9
422,Isangel,VU,2021-11-29 18:54:24,-19.55,169.2667,75.31,88,12,1.14
423,Huarmey,PE,2021-11-29 18:54:24,-10.0681,-78.1522,72.28,74,54,11.5
424,Crateus,BR,2021-11-29 18:54:25,-5.1783,-40.6775,97.7,23,38,9.73
425,Poya,NC,2021-11-29 18:54:25,-21.35,165.15,78.37,82,7,5.21
426,Hailey,US,2021-11-29 18:54:26,43.5196,-114.3153,46.26,66,1,6.91
427,Chimbote,PE,2021-11-29 18:52:08,-9.0853,-78.5783,71.01,74,64,11.16
428,San Cristobal,VE,2021-11-29 18:50:58,7.7669,-72.225,80.78,57,94,7.07
429,Hay River,CA,2021-11-29 18:54:26,60.8156,-115.7999,-9.42,70,20,8.05
430,Morondava,MG,2021-11-29 18:54:27,-20.2833,44.2833,76.44,76,0,7.74
431,Grand-Santi,GF,2021-11-29 18:54:27,4.25,-54.3833,83.03,68,100,2.8
432,Nova Vicosa,BR,2021-11-29 18:54:27,-17.8919,-39.3719,84.07,69,42,15.21
433,Saint-Andre-Avellin,CA,2021-11-29 18:54:28,45.7168,-75.066,28.85,46,50,3.94
434,Hambantota,LK,2021-11-29 18:54:28,6.1241,81.1185,78.01,84,88,4.54
435,Muravlenko,RU,2021-11-29 18:54:29,63.7898,74.523,21.56,94,99,17.36
436,Melfi,IT,2021-11-29 18:54:29,40.9965,15.6514,38.5,89,83,4.18
437,Santa Lucia,ES,2021-11-29 18:54:30,27.9117,-15.5407,59.94,58,40,26.46
438,Tianpeng,CN,2021-11-29 18:54:30,30.9866,103.9393,46.87,83,26,5.3
439,North Battleford,CA,2021-11-29 18:54:30,52.7834,-108.2847,37.49,70,20,6.91
440,Hopewell,US,2021-11-29 18:52:20,37.3043,-77.2872,50.85,40,10,9.98
441,Deputatskiy,RU,2021-11-29 18:54:31,69.3,139.9,-13.94,97,100,4.61
442,Muzhi,RU,2021-11-29 18:54:31,65.3667,64.6667,-4.97,98,99,3.67
443,Awbari,LY,2021-11-29 18:54:32,26.5921,12.7805,57.97,20,5,7.65
444,Plymouth,US,2021-11-29 18:50:48,41.8334,-70.8328,42.24,63,75,10.36
445,Dalvik,IS,2021-11-29 18:54:32,65.9702,-18.5286,24.73,82,100,6.64
446,Sangueya,GN,2021-11-29 18:54:33,10.7,-14.3667,82.18,64,97,5.12
447,Ambagarh Chauki,IN,2021-11-29 18:54:33,20.7833,80.7167,60.76,49,30,2.73
448,Mehamn,NO,2021-11-29 18:51:24,71.0357,27.8492,17.51,73,69,24.16
449,Saint-Francois,FR,2021-11-29 18:54:34,46.4154,3.9054,34.68,93,90,3.44
450,Kidodi,TZ,2021-11-29 18:54:34,-7.6036,37.0044,73.53,92,55,1.95
451,Saint Anthony,US,2021-11-29 18:54:34,45.0205,-93.218,49.93,53,75,9.22
452,Zambezi,ZM,2021-11-29 18:54:35,-13.5432,23.1047,71.1,68,100,1.66
453,Coquimbo,CL,2021-11-29 18:54:35,-29.9533,-71.3436,64.13,67,40,11.5
454,Tupik,RU,2021-11-29 18:54:35,54.4253,119.9327,-6.27,97,100,1.81
455,Itarema,BR,2021-11-29 18:54:36,-2.9248,-39.9167,85.46,62,100,16.98
456,Muros,ES,2021-11-29 18:54:36,42.7762,-9.0603,52.3,92,100,3.04
457,Kieta,PG,2021-11-29 18:54:37,-6.2167,155.6333,79.43,85,100,2.95
458,Horsham,GB,2021-11-29 18:54:37,51.064,-0.3272,39.43,85,20,3.44
459,Piacabucu,BR,2021-11-29 18:54:37,-10.4056,-36.4344,83.5,70,64,14.88
460,Mayor Pablo Lagerenza,PY,2021-11-29 18:54:38,-19.9309,-60.7718,74.59,73,100,5.06
461,Gusau,NG,2021-11-29 18:54:38,12.1628,6.6614,79.23,13,100,9.06
462,Leshukonskoye,RU,2021-11-29 18:54:39,64.8989,45.7622,-3.75,100,87,1.59
463,Bow Island,CA,2021-11-29 18:54:39,49.8668,-111.3684,48.58,63,100,0.0
464,Quatre Cocos,MU,2021-11-29 18:54:40,-20.2078,57.7625,75.31,66,0,6.91
465,Faya,SA,2021-11-29 18:54:40,18.3851,42.4509,60.91,41,0,9.1
466,Nortelandia,BR,2021-11-29 18:55:40,-14.4547,-56.8028,86.59,64,100,4.56
467,Tazovskiy,RU,2021-11-29 18:55:41,67.4667,78.7,-2.65,97,100,14.2
468,Olavarria,AR,2021-11-29 18:55:41,-36.8927,-60.3225,78.91,29,3,19.19
469,Saint-Joseph,RE,2021-11-29 18:55:41,-21.3667,55.6167,75.56,86,27,8.5
470,Bilibino,RU,2021-11-29 18:55:42,68.0546,166.4372,-8.99,100,85,5.12
471,Smithers,CA,2021-11-29 18:55:42,54.7804,-127.1743,21.52,93,75,2.3
472,Rio Grande,BR,2021-11-29 18:55:43,-32.035,-52.0986,80.71,75,86,21.36
473,Gat,IL,2021-11-29 18:55:43,31.61,34.7642,77.4,31,82,7.49
474,Lazaro Cardenas,MX,2021-11-29 18:55:43,17.9583,-102.2,85.19,51,5,6.53
475,Viedma,AR,2021-11-29 18:55:44,-40.8135,-62.9967,74.12,26,0,18.01
476,Sayyan,YE,2021-11-29 18:55:44,15.1718,44.3244,49.69,47,0,5.26
477,San Rafael,AR,2021-11-29 18:51:34,-34.6177,-68.3301,85.64,16,0,12.1
478,Moose Factory,CA,2021-11-29 18:55:45,51.2585,-80.6094,17.6,86,90,10.36
479,Batagay-Alyta,RU,2021-11-29 18:55:45,67.8006,130.4114,-22.18,97,98,3.24
480,Katima Mulilo,NA,2021-11-29 18:55:45,-17.5,24.2667,79.05,35,22,3.06
481,Andrushivka,UA,2021-11-29 18:55:46,50.0229,29.0202,38.86,72,100,22.21
482,Hanmer Springs,NZ,2021-11-29 18:55:46,-42.5167,172.8167,63.14,78,100,2.04
483,Utiel,ES,2021-11-29 18:55:46,39.5667,-1.2,53.22,66,88,17.49
484,Fallon,US,2021-11-29 18:55:47,39.4735,-118.7774,59.92,38,1,5.75
485,Hervey Bay,AU,2021-11-29 18:55:47,-25.2986,152.8535,76.03,97,93,1.01
486,Chanika,TZ,2021-11-29 18:55:48,-5.4167,38.0167,69.69,98,89,5.37
487,Cockburn Town,TC,2021-11-29 18:55:48,21.4612,-71.1419,80.56,61,75,5.75
488,Lagos,NG,2021-11-29 18:55:49,6.5833,3.75,82.72,85,95,4.68
489,Beloha,MG,2021-11-29 18:55:49,-25.1667,45.05,69.3,78,0,15.05
490,Tessalit,ML,2021-11-29 18:51:03,20.1986,1.0114,77.04,20,2,11.43
491,Moctezuma,MX,2021-11-29 18:55:50,29.8,-109.6667,73.9,27,0,2.93
492,Atasu,KZ,2021-11-29 18:55:50,48.6814,71.6433,12.0,79,100,3.31
493,Kavaratti,IN,2021-11-29 18:52:16,10.5669,72.642,81.84,78,85,12.97
494,Mount Gambier,AU,2021-11-29 18:55:50,-37.8333,140.7667,51.71,76,4,3.44
495,Luancheng,CN,2021-11-29 18:55:51,37.8792,114.6517,32.16,60,52,8.25
496,Nantucket,US,2021-11-29 18:55:51,41.2835,-70.0995,42.03,80,100,21.43
497,Sunrise Manor,US,2021-11-29 18:51:57,36.2111,-115.0731,77.45,18,1,0.0
498,Berlevag,NO,2021-11-29 18:55:52,70.8578,29.0864,17.55,73,100,25.32
499,Santa Cruz,BO,2021-11-29 18:52:35,-17.8,-63.1667,78.85,69,75,3.44
500,Anaconda,US,2021-11-29 18:55:52,46.1285,-112.9423,46.78,61,100,5.55
501,Changzhou,CN,2021-11-29 18:55:53,31.7833,119.9667,55.0,67,100,19.13
502,Aykhal,RU,2021-11-29 18:55:53,66.0,111.5,-26.52,100,97,4.94
503,Spokane,US,2021-11-29 18:51:33,47.6166,-117.3677,51.82,84,90,3.0
504,Sur,OM,2021-11-29 18:55:53,22.5667,59.5289,73.6,74,0,8.72
505,Biggar,GB,2021-11-29 18:55:54,55.6167,-3.5167,49.12,95,100,16.55
506,Camacha,PT,2021-11-29 18:55:54,33.0833,-16.3333,60.22,72,20,6.91
507,Ransang,PH,2021-11-29 18:55:55,8.9603,117.5828,78.57,84,99,0.81
508,Mahanoro,MG,2021-11-29 18:55:55,-19.9,48.8,73.44,86,85,0.78
509,Rosita,NI,2021-11-29 18:55:55,13.9268,-84.4032,82.2,65,100,7.7
510,Sierra Vista,US,2021-11-29 18:55:56,31.5545,-110.3037,69.01,33,1,9.22
511,El Dorado,US,2021-11-29 18:55:56,38.7666,-120.5177,73.56,21,0,3.69
512,Lasa,IT,2021-11-29 18:56:56,46.6166,10.7002,28.69,94,46,6.98
513,Seoul,KR,2021-11-29 18:52:03,37.5683,126.9778,49.44,71,75,8.05
514,Ambilobe,MG,2021-11-29 18:54:17,-13.2,49.05,75.7,83,21,6.53
515,Paso De Carrasco,UY,2021-11-29 18:56:57,-34.8603,-56.0522,66.65,94,90,23.02
516,Lanxi,CN,2021-11-29 18:56:57,29.2195,119.477,58.41,92,82,3.58
517,Siavonga,ZM,2021-11-29 18:56:58,-16.5382,28.7088,84.15,38,95,6.31
518,Tomohon,ID,2021-11-29 18:56:58,1.3346,124.8392,67.14,94,100,3.11
519,Gazli,UZ,2021-11-29 18:56:59,40.1333,63.45,50.34,50,7,10.09
520,Cesis,LV,2021-11-29 18:56:59,57.3119,25.2746,22.73,96,100,11.34
521,Kalat,PK,2021-11-29 18:56:59,29.0225,66.5916,43.32,45,44,2.13
522,Urucara,BR,2021-11-29 18:57:00,-2.5364,-57.76,87.28,62,100,2.59
523,Bandar-E Lengeh,IR,2021-11-29 18:57:00,26.5579,54.8807,71.71,60,0,4.61
524,Hobyo,SO,2021-11-29 18:57:01,5.3505,48.5268,80.47,67,16,19.51
525,Pandamatenga,BW,2021-11-29 18:57:01,-18.5278,25.627,79.66,29,86,0.72
526,Lavrentiya,RU,2021-11-29 18:57:01,65.5833,-171.0,-11.22,92,8,8.55
527,Pimentel,PE,2021-11-29 18:57:02,-6.8367,-79.9342,77.29,57,0,17.27
528,Burnie,AU,2021-11-29 18:57:02,-41.0667,145.9167,54.36,86,81,10.16
529,Paka,MY,2021-11-29 18:57:02,4.6374,103.4368,75.13,94,100,0.0
530,Thai Binh,VN,2021-11-29 18:57:03,20.45,106.3333,69.8,64,20,7.74
531,Shakopee,US,2021-11-29 18:52:25,44.798,-93.5269,51.96,58,1,5.75
532,Janow Lubelski,PL,2021-11-29 18:57:03,50.707,22.4104,34.23,94,100,17.25
533,Bonavista,CA,2021-11-29 18:54:33,48.6499,-53.1147,47.12,78,85,9.91
534,Grindavik,IS,2021-11-29 18:52:14,63.8424,-22.4338,32.47,100,90,12.66
535,Santa Isabel Do Rio Negro,BR,2021-11-29 18:57:04,-0.4139,-65.0192,91.4,48,97,5.08
536,Logan,US,2021-11-29 18:53:26,41.7355,-111.8344,56.93,38,46,4.74
537,Pechora,RU,2021-11-29 18:57:05,65.1472,57.2244,4.96,96,93,5.77
538,Hofn,IS,2021-11-29 18:57:05,64.2539,-15.2082,28.42,54,20,16.11
539,Christchurch,NZ,2021-11-29 18:57:05,-43.5333,172.6333,58.03,92,90,1.99
540,Coahuayana,MX,2021-11-29 18:57:06,18.7333,-103.6833,90.54,40,6,5.88
541,Palpa,PE,2021-11-29 18:57:06,-14.5336,-75.1856,86.76,36,86,12.91
542,Kabinda,CD,2021-11-29 18:57:07,-6.1333,24.4833,67.73,94,76,3.02
543,Ahipara,NZ,2021-11-29 18:57:07,-35.1667,173.1667,63.59,80,49,2.53
544,Bahia Blanca,AR,2021-11-29 18:57:08,-38.7196,-62.2724,76.37,34,0,10.04
545,Dauphin,CA,2021-11-29 18:57:08,51.1494,-100.0502,35.74,69,1,20.71
546,Svetlaya,RU,2021-11-29 18:57:08,46.5389,138.3297,22.66,74,100,5.84
547,Payo,ID,2021-11-29 18:57:09,-3.7508,103.6372,73.27,84,100,1.61
548,Half Moon Bay,US,2021-11-29 18:57:09,37.4636,-122.4286,69.62,68,1,0.0
549,Florianopolis,BR,2021-11-29 18:57:10,-27.6146,-48.5012,90.25,73,20,14.97
550,Chapais,CA,2021-11-29 18:57:10,49.7834,-74.8492,17.38,76,100,4.54
551,Udachnyy,RU,2021-11-29 18:57:11,66.4167,112.4,-31.95,100,100,3.42
552,Qaqortoq,GL,2021-11-29 18:57:11,60.7167,-46.0333,33.98,97,100,18.84
553,Whitecourt,CA,2021-11-29 18:57:11,54.1502,-115.6855,31.24,80,20,10.36
554,Shimoda,JP,2021-11-29 18:52:17,34.6667,138.95,49.1,70,21,9.62
555,Nioki,CD,2021-11-29 18:57:12,-2.7167,17.6833,74.12,89,100,1.36
556,Zhigansk,RU,2021-11-29 18:57:12,66.7697,123.3711,-16.67,97,100,1.12
557,Koraput,IN,2021-11-29 18:58:13,18.8167,82.7167,61.12,64,43,1.48
558,Esso,RU,2021-11-29 18:58:13,55.9333,158.7,10.15,90,100,2.68
559,Burgeo,CA,2021-11-29 18:58:14,47.6167,-57.6152,42.19,75,83,10.04
560,Berdigestyakh,RU,2021-11-29 18:58:14,62.0989,126.6992,-12.15,100,100,1.61
561,Sept-Iles,CA,2021-11-29 18:58:14,50.2001,-66.3821,30.72,68,20,1.99
562,Kokkola,FI,2021-11-29 18:58:15,63.8385,23.1307,14.94,85,0,5.75
563,Yamethin,MM,2021-11-29 18:58:15,20.4333,96.15,66.81,84,2,4.74
564,Pisticci,IT,2021-11-29 18:58:16,40.3906,16.5568,48.13,90,100,3.98
565,Le Pont-De-Claix,FR,2021-11-29 18:58:16,45.1244,5.7064,37.29,99,99,3.83
566,Scarborough,GB,2021-11-29 18:57:25,54.2797,-0.4044,40.84,90,100,8.01
567,Volksrust,ZA,2021-11-29 18:58:17,-27.3654,29.8818,57.61,68,0,4.81
568,Mezen,RU,2021-11-29 18:58:17,65.8522,44.24,1.35,100,77,2.89
569,Buala,SB,2021-11-29 18:58:17,-8.145,159.5921,80.44,82,100,5.06
570,Sibu,MY,2021-11-29 18:58:18,2.3,111.8167,73.71,94,40,8.01
571,Yinchuan,CN,2021-11-29 18:58:18,38.4681,106.2731,28.81,31,0,6.04
572,Noumea,NC,2021-11-29 18:58:19,-22.2763,166.4572,80.01,99,16,8.48
573,Bereda,ES,2021-11-29 18:58:19,43.2686,-7.5406,47.95,100,98,1.3
574,Hualmay,PE,2021-11-29 18:58:19,-11.0964,-77.6139,71.17,72,32,11.56
575,Namibe,AO,2021-11-29 18:58:20,-15.1961,12.1522,71.74,70,10,8.32
